{
  "name": "freertoscar",
  "type": "ARM",
  "dependenceList": [],
  "srcDirs": [
    ".eide/deps"
  ],
  "virtualFolder": {
    "name": "<virtual_root>",
    "files": [],
    "folders": [
      {
        "name": "Application",
        "files": [],
        "folders": [
          {
            "name": "MDK-ARM",
            "files": [
              {
                "path": "MDK-ARM/startup_stm32f407xx.s"
              }
            ],
            "folders": []
          },
          {
            "name": "User",
            "files": [],
            "folders": [
              {
                "name": "Core",
                "files": [
                  {
                    "path": "bsp/oled.c"
                  },
                  {
                    "path": "Core/Src/main.c"
                  },
                  {
                    "path": "Core/Src/gpio.c"
                  },
                  {
                    "path": "Core/Src/freertos.c"
                  },
                  {
                    "path": "Core/Src/dma.c"
                  },
                  {
                    "path": "Core/Src/i2c.c"
                  },
                  {
                    "path": "Core/Src/tim.c"
                  },
                  {
                    "path": "Core/Src/usart.c"
                  },
                  {
                    "path": "Core/Src/stm32f4xx_it.c"
                  },
                  {
                    "path": "Core/Src/stm32f4xx_hal_msp.c"
                  },
                  {
                    "path": "Core/Src/stm32f4xx_hal_timebase_tim.c"
                  }
                ],
                "folders": []
              }
            ]
          }
        ]
      },
      {
        "name": "Drivers",
        "files": [],
        "folders": [
          {
            "name": "STM32F4xx_HAL_Driver",
            "files": [
              {
                "path": "Drivers/STM32F4xx_HAL_Driver/Src/stm32f4xx_hal_rcc.c"
              },
              {
                "path": "Drivers/STM32F4xx_HAL_Driver/Src/stm32f4xx_hal_rcc_ex.c"
              },
              {
                "path": "Drivers/STM32F4xx_HAL_Driver/Src/stm32f4xx_hal_flash.c"
              },
              {
                "path": "Drivers/STM32F4xx_HAL_Driver/Src/stm32f4xx_hal_flash_ex.c"
              },
              {
                "path": "Drivers/STM32F4xx_HAL_Driver/Src/stm32f4xx_hal_flash_ramfunc.c"
              },
              {
                "path": "Drivers/STM32F4xx_HAL_Driver/Src/stm32f4xx_hal_gpio.c"
              },
              {
                "path": "Drivers/STM32F4xx_HAL_Driver/Src/stm32f4xx_hal_dma_ex.c"
              },
              {
                "path": "Drivers/STM32F4xx_HAL_Driver/Src/stm32f4xx_hal_dma.c"
              },
              {
                "path": "Drivers/STM32F4xx_HAL_Driver/Src/stm32f4xx_hal_pwr.c"
              },
              {
                "path": "Drivers/STM32F4xx_HAL_Driver/Src/stm32f4xx_hal_pwr_ex.c"
              },
              {
                "path": "Drivers/STM32F4xx_HAL_Driver/Src/stm32f4xx_hal_cortex.c"
              },
              {
                "path": "Drivers/STM32F4xx_HAL_Driver/Src/stm32f4xx_hal.c"
              },
              {
                "path": "Drivers/STM32F4xx_HAL_Driver/Src/stm32f4xx_hal_exti.c"
              },
              {
                "path": "Drivers/STM32F4xx_HAL_Driver/Src/stm32f4xx_hal_i2c.c"
              },
              {
                "path": "Drivers/STM32F4xx_HAL_Driver/Src/stm32f4xx_hal_i2c_ex.c"
              },
              {
                "path": "Drivers/STM32F4xx_HAL_Driver/Src/stm32f4xx_hal_tim.c"
              },
              {
                "path": "Drivers/STM32F4xx_HAL_Driver/Src/stm32f4xx_hal_tim_ex.c"
              },
              {
                "path": "Drivers/STM32F4xx_HAL_Driver/Src/stm32f4xx_hal_uart.c"
              }
            ],
            "folders": []
          },
          {
            "name": "CMSIS",
            "files": [
              {
                "path": "Core/Src/system_stm32f4xx.c"
              }
            ],
            "folders": []
          }
        ]
      },
      {
        "name": "Middlewares",
        "files": [],
        "folders": [
          {
            "name": "FreeRTOS",
            "files": [
              {
                "path": "Middlewares/Third_Party/FreeRTOS/Source/croutine.c"
              },
              {
                "path": "Middlewares/Third_Party/FreeRTOS/Source/event_groups.c"
              },
              {
                "path": "Middlewares/Third_Party/FreeRTOS/Source/list.c"
              },
              {
                "path": "Middlewares/Third_Party/FreeRTOS/Source/queue.c"
              },
              {
                "path": "Middlewares/Third_Party/FreeRTOS/Source/stream_buffer.c"
              },
              {
                "path": "Middlewares/Third_Party/FreeRTOS/Source/tasks.c"
              },
              {
                "path": "Middlewares/Third_Party/FreeRTOS/Source/timers.c"
              },
              {
                "path": "Middlewares/Third_Party/FreeRTOS/Source/CMSIS_RTOS_V2/cmsis_os2.c"
              },
              {
                "path": "Middlewares/Third_Party/FreeRTOS/Source/portable/MemMang/heap_4.c"
              },
              {
                "path": "Middlewares/Third_Party/FreeRTOS/Source/portable/RVDS/ARM_CM4F/port.c"
              }
            ],
            "folders": []
          }
        ]
      },
      {
        "name": "application",
        "files": [
          {
            "path": "bsp/pid.c"
          },
          {
            "path": "task/motor.c"
          },
          {
            "path": "task/UT.c"
          },
          {
            "path": "task/MPU6050/mpu6050.c"
          },
          {
            "path": "task/MPU6050/eMPL/inv_mpu.c"
          },
          {
            "path": "task/MPU6050/eMPL/inv_mpu_dmp_motion_driver.c"
          }
        ],
        "folders": []
      },
      {
        "name": "::CMSIS",
        "files": [],
        "folders": []
      }
    ]
  },
  "outDir": "build",
  "deviceName": null,
  "packDir": null,
  "miscInfo": {
    "uid": "f8e9f44acba8fcb87f8f5fb8732c42c2"
  },
  "targets": {
    "freertoscar": {
      "excludeList": [],
      "toolchain": "AC5",
      "compileConfig": {
        "cpuType": "Cortex-M4",
        "floatingPointHardware": "single",
        "scatterFilePath": "",
        "useCustomScatterFile": false,
        "storageLayout": {
          "RAM": [
            {
              "tag": "RAM",
              "id": 1,
              "mem": {
                "startAddr": "0x0",
                "size": "0x0"
              },
              "isChecked": false,
              "noInit": false
            },
            {
              "tag": "RAM",
              "id": 2,
              "mem": {
                "startAddr": "0x0",
                "size": "0x0"
              },
              "isChecked": false,
              "noInit": false
            },
            {
              "tag": "RAM",
              "id": 3,
              "mem": {
                "startAddr": "0x0",
                "size": "0x0"
              },
              "isChecked": false,
              "noInit": false
            },
            {
              "tag": "IRAM",
              "id": 1,
              "mem": {
                "startAddr": "0x20000000",
                "size": "0x1c000"
              },
              "isChecked": true,
              "noInit": false
            },
            {
              "tag": "IRAM",
              "id": 2,
              "mem": {
                "startAddr": "0x2001c000",
                "size": "0x4000"
              },
              "isChecked": true,
              "noInit": false
            }
          ],
          "ROM": [
            {
              "tag": "ROM",
              "id": 1,
              "mem": {
                "startAddr": "0x0",
                "size": "0x0"
              },
              "isChecked": false,
              "isStartup": false
            },
            {
              "tag": "ROM",
              "id": 2,
              "mem": {
                "startAddr": "0x0",
                "size": "0x0"
              },
              "isChecked": false,
              "isStartup": false
            },
            {
              "tag": "ROM",
              "id": 3,
              "mem": {
                "startAddr": "0x0",
                "size": "0x0"
              },
              "isChecked": false,
              "isStartup": false
            },
            {
              "tag": "IROM",
              "id": 1,
              "mem": {
                "startAddr": "0x8000000",
                "size": "0x80000"
              },
              "isChecked": true,
              "isStartup": true
            },
            {
              "tag": "IROM",
              "id": 2,
              "mem": {
                "startAddr": "0x0",
                "size": "0x0"
              },
              "isChecked": false,
              "isStartup": false
            }
          ]
        },
        "options": "null"
      },
      "uploader": "OpenOCD",
      "uploadConfig": {
        "bin": "",
        "target": "stm32f4x",
        "interface": "cmsis-dap",
        "baseAddr": "0x08000000"
      },
      "uploadConfigMap": {
        "JLink": {
          "bin": "",
          "baseAddr": "",
          "cpuInfo": {
            "vendor": "null",
            "cpuName": "null"
          },
          "proType": 1,
          "speed": 8000,
          "otherCmds": ""
        }
      },
      "custom_dep": {
        "name": "default",
        "incList": [
          "Core/Inc",
          "Drivers/STM32F4xx_HAL_Driver/Inc",
          "Drivers/STM32F4xx_HAL_Driver/Inc/Legacy",
          "Middlewares/Third_Party/FreeRTOS/Source/include",
          "Middlewares/Third_Party/FreeRTOS/Source/CMSIS_RTOS_V2",
          "Middlewares/Third_Party/FreeRTOS/Source/portable/RVDS/ARM_CM4F",
          "Drivers/CMSIS/Device/ST/STM32F4xx/Include",
          "Drivers/CMSIS/Include",
          "bsp",
          "task",
          "MDK-ARM/RTE/_freertoscar"
        ],
        "libList": [],
        "sourceDirList": [],
        "defineList": [
          "USE_HAL_DRIVER",
          "STM32F407xx"
        ]
      }
    }
  },
  "version": "3.3"
}